3,New Chains of Honour,1,,N C O H²,35|7,693|693
4,Staff Alliance,1,,Staff,,22574|1|1
6,death,1,,death,235|143|207|210|7|107|44|50|54|19,13358
7,Main Power Apple,3,,Power.A!,108|44|348|107|235|296|270|160|232|127|21|56|39|94|100|54|6|69|3|8|16|22|85|65|143|19|80|24|310,6993|4915|3709
8,GATU-MARS Union,11,,[GMU],545|100|33|210|129|267|244|114|7|108|93|65|31|85|54|19|246|61|398|550|181|67|164|34,232|857|10159|401|941|2874|6628|2677|3576|443|2034
10,Travian Masters,1,,T.M.,85|44|19|210|143,2084
15,Hooligans On Tour,2,,HOT,107|60|164|44,1744|2266
16,Dark Reapers!,1,,Reaper!,60|160|7|94|49,3324
19,Power Apple#,3,,Power.A#,550|235|232|143|65|85|8|7|44|6|54|10|21|56|108|94|100|310,2396|2737|1963|2396|2737
21,The South East Group,2,,SEG,135|126|164|7|160|44|54|218|19,1810|1445
22,Blessed are the Ori,19,,The Ori,700|398|545|188|210|71|235|56|298|108|160|206|7|114|93|65|51|44|54|840|120|377|107|173|550,475|542|551|421|644|644|8389|551|542|2978|528|2904|664|4840|10790|7316|8217|421|475|2329|2123|13936|19074|17698
24,friendship,1,,Peace,210|108|336|7|143,1336
28,INSTINCT,5,,INSTINCT,491|151|107|235|210|250|154|598,3636|11442|2102|2534|3636|3593
31,The Good The Bad The PIE!,2,,=PIE=,44|80|210|108|235|126|8,769|529|769
33,Guardian Angels,56,,Angels,539|445|108|67|93|377|79|135|586|363|322|237|271|8|210|74|160|114,184|1394|4246|734|3866|1063|4645|758|5684|4461|1161|5192|5987|2206|184|3185|1320|3448|5992|901|1394|1038|1018|5047|3141|125|7215|7550|9891|3400|2747|1408|4129|2330|7248|2801|4095|4970|1451|3974|1342|3224|10538|3445|3346|17235|4246|3838|3395|6050|169|5888|1752|1561|13380|5513|2194|11153|10984
34,Getgaming Alliance,56,,GGA,789|602|425|551|398|133|527|387|255|73|75|51|100|336|210|79|65|44|177|396|295|131|606|80|181|74|8|67,411|1703|2302|3137|2718|828|2358|1230|3895|728|1090|4724|532|639|2526|7063|6300|1443|621|1859|410|6846|4671|2352|1407|6405|2857|7950|4932|1366|1270|7080|3712|1496|6338|12087|662|315|2647|3805|2617|1603|17128|1190|17368|652|2918|799|6971|488|1637|11222|1779|906|11771|1229
35,New Chains of Honour,2,,N C O H,3,4242|4242|6265
39,Love And War,6,,LAW,363|379|235|223|127|69|135|270|160|7|221,3732|5710|3732|10846|6114|5244|10485
41,Riders Of The Apocalypse,5,,RoTA,93|235|44,2077|984|18632|778|1037
44,The United Alliance,22,,The U.A,135|71|576|210|418|31|34|363|244|7|397|107|41|235|171|6|93|21|10|54|22|15|550|100|19|67|598,10616|1077|1166|485|3152|8346|9855|10838|8163|5378|5304|8533|1831|13212|5610|7848|16511|11363|11128|7073|20806|20054
49,Dark ReapersNE,2,,ReaperNE,16,2935|2935|4625
50,Travian Trade & Defense,1,,T.T.D,6|181|115,4420
51,Getgaming Alliance 2,33,,GGA2,73|322|696|617|75|336|398|133|606|79|545|551|34|65|93|22|120|387|206,5172|14734|12190|11427|663|12831|1424|15087|13568|7964|7558|14025|10216|14579|18089|13891|17695|16883|17542|15908|15744|15857|14458|18565|15261|18581|17666|18432|17594|16549|16435|21537|20362
53,Tesco Slogan Thieves SE,57,,TST³,780|539|89|162|243|159,3835|3870|4308|1551|9365|4239|1937|4394|4210|11129|2735|4649|9610|2758|1335|4463|5297|3149|3275|3695|4863|7923|2286|4708|5261|4314|2733|10162|2736|10362|2956|543|6302|4034|12954|11003|2110|10269|4770|13183|3776|4035|2873|7122|7532|7289|5537|6800|4413|4206|1326|5382|4085|4824|4363|12399|13088
54,Riders of the Mahayana,5,,_RoM_NE,345|135|297|418|363|235|7|93|44|21|6|8|22|307|271|181|19|598,2046|4160|3481|9562|2601
56,Rotary,2,,Rotary,235|22|221|160|7|19,825|3428|825|3428
60,funky monkeys,6,,funky,754|604|16|107|254|15|426|270,3015|714|3715|11760|3015|714|11722|11588
61,The Spartans survivors,25,,SpartaII,131|467|188|8|261|173|396|295,2361|1362|3610|3574|4088|1664|3311|2361|2308|2384|2447|2307|3718|1910|9301|2577|8304|6960|4488|6089|3350|96|2523|6210|2389|5132
65,T.I.G.E.R.S,15,,Tigers,71|34|79|314|244|51|163|7|76|19|8|22|467|527|73|473|93,447|10274|1502|683|151|3665|167|257|434|1435|153|38|18846|4809|15701
67,St.Albans City-Globe Wing,14,,STA!3,535|114|163|246|387|396|295|8|33|34|44|98|116,171|264|171|1943|8502|1761|2121|10871|1211|1472|4956|5284|2810|6205|1129
69,One For All,1,,OFA,235|154|270|143|187|39|127|107|160|7|114|207,12487
71,The Ministry,10,,MIN,790|219|278|173|535|65|44|599|550|497|22|171|398|235|115|598,2182|1261|9723|5170|8208|19025|18147|544|1682|18973
73,Nemesis Headquarters,59,,NMS - HQ,51|767|120|398|336|74|396|387|295|34|527|425|255|75|89|159|162|188|114|160|79|65|721|98|116,653|292|42|657|107|1076|23|271|342|405|1218|2079|5968|58|5889|1184|3507|1008|6844|14|6950|504|446|1709|531|5834|235|6070|651|3746|4871|478|557|6733|146|2007|1892|5511|7|626|2717|1549|84|13251|598|452|7714|585|13094|498|46|5868|402|8478|477|704|6427|2746|285
74,The Guardians of Light,22,,Guardian,387|295|73|271|377|33|425|527|75|255|539|89|34,2414|2281|1136|1945|2967|1461|10238|5517|2057|4287|820|2362|449|8866|14808|9077|9534|3129|166|4948|16202|13661
75,Nemesis Dark Angels,57,,NMS - DA,120|767|51|398|336|396|387|295|34|527|425|255|73|89|159|162|79|74|160|188|721|98|116,5629|3379|4219|854|6471|506|7575|337|8532|34|6003|5847|259|3882|1274|10371|4847|260|502|10011|3620|16|1258|5744|1886|2452|1776|1396|2349|70|1022|5751|566|31|8063|2342|4483|3215|1240|6131|3946|412|3904|11470|487|1207|4782|82|10232|2535|8470|888|87|248|223|969|4066
76,Best Ever Alliance NE,1,,BEA NE,210|65|106,4581
79,The Templars,52,,Templars,93|363|173|545|336|33|51|606|246|387|295|396|34|65|133|116|98|721|395|185|120|586|551|75|73|255|188|210,5058|301|3621|3894|2490|236|3335|3031|5588|547|4590|4294|11416|3748|14027|3465|279|4003|2099|3994|1951|3771|11270|8734|5988|975|4078|3356|1794|3624|5005|5507|1775|2475|11604|4050|9621|9188|11158|6734|13761|11093|18972|2489|17049|11339|13030|1221|17184|13956|20462|22550
80,Northern Devonia,35,,ND,596|617|783|550|135|535|107|545|191|31|223|363|210|179|235|93|160|398|34|387|181|232|143|7|100,423|385|1576|7510|6986|1307|881|437|6476|419|1803|868|4994|17759|13631|13258|5894|296|13160|17417|18513|6597|370|2921|4486|263|3947|15505|9986|10710|19133|14271|17109|19228|22183
81,Renshai,1,,Renshai,,22574|3407
83,The Spartans,4,,Sparta,,22574|1177|378|4189|1228
85,Boom Training,1,,Boom*T,107|235|100|296|177|108|232|7|10|19|8|310,2637
89,Fight For Honour,56,,FFH,780|53|159|243|539|73|75|74|363,5421|3505|2844|3812|4116|7879|3680|3645|3546|1528|6074|14737|5201|4447|9709|5197|3635|2536|5167|3038|3756|7065|9581|9014|10812|6119|4621|11209|1646|2702|3892|6770|1648|3778|3980|4087|3575|7681|2777|8830|3008|3719|8260|1415|7949|2886|1785|3029|10310|3879|16708|16303|6873|2714|3658|12153
93,Bad Lads Army ,51,,~~BLA~~,219|79|41|393|497|398|699|173|33|617|790|599|107|235|80|8|22|44|54|51|387|120|336|65|206,254|91|212|281|22320|6|5015|72|549|160|6|90|91|273|14666|3768|333|501|417|72|14586|10166|254|12699|10663|5053|5015|3078|12753|203|212|10555|537|13921|16284|41|14033|281|16161|11843|7435|12958|11398|18809|12644|16398|15675|6947|12341|11082|464|17805|17150|3094|11507|22276|22176|22323|22320
94,To The Top,2,,T-T-T,261|491|126|269|235|160|7|108|16|19|218|574,6017|1829
98,Yakuza Southwest,44,,ykz*SW,721|116|79,4688|4063|4165|4485|2074|4563|519|5125|4928|4656|2643|1282|5700|3092|4503|739|4297|2989|1774|2895|2642|9177|8691|5928|8135|1930|4934|12305|4855|7819|4256|3328|2499|1365|3842|7294|3021|4585|2660|4276|1178|7084|12522|6088
100,GATU - MARS Union Academy,14,,[GMU] -A,398|8|34|235|85|187|171|244|7|606|345|44|80|19|210|164,327|914|327|2255|914|5742|1741|15270|3916|10148|12950|3459|4955|14984|12932|10312
106,THR33 SIX3S,7,,HELL,551|107|700|76,1414|6951|4783|13629|7035|7938|2722
107,The Empire,45,,EMPIRE,617|545|236|620|550|599|80|355|473|504|206|171|85|7|44|60|28|106|187|164|93|15|235|210|69|160|6|387|22|522,2745|6414|2719|8014|2041|3553|11750|10631|11635|6626|6141|2644|250|13808|10725|4040|8338|10509|8862|6278|2016|6394|10993|13800|13157|14688|2415|2148|8294|7383|1788|8256|14692|2456|10999|8109|15748|1843|6439|8693|11734|20407|14071|19512|12148
108,Code Of Honour,3,,*C.O.H*,7|31|235|24|22|85|160|8|94|164|33|246|181|19,5141|2568|2273
114,S.P.E.C.T.R.E.,18,,SPECTRE,160|67|246|387|295|396|8|298|33|69|22|73,170|3|4964|60|187|4964|4731|60|158|170|5943|5393|118|225|5706|3292|7198|3|7470|187|272|8514|1835
115,Four Symbols,1,,F.S,71|50,4505
116,Yakuza Northwest,56,,ykz*NW,721|98|79,1048|3006|2576|406|3010|7490|2583|2468|1100|1055|6378|3847|1626|5965|897|3903|2859|3961|3793|3414|2868|1432|4449|6218|1279|3606|1732|1310|2232|2595|3686|1724|10874|1195|3499|674|1084|10338|4300|7330|2265|2317|3306|2408|1505|1262|1115|6967|4924|573|1069|3404|3206|1470|12464|18051
120,Nemesis Republic,52,,NMS - RP,75|396|398|255|425|73|387|159|789|133|606|79|51|322|22|93|539|181,6018|3841|182|9000|2711|183|3534|1827|4296|164|6031|2585|1905|3463|1537|3091|641|2465|186|197|17001|3815|3806|4982|1980|432|1253|1361|3358|815|614|5336|3349|391|5379|6048|2578|3702|2325|9225|16899|11304|7717|3580|3258|4090|2234|3217|5959|3115|17683|1708
123,Kane and Abel,1,,K&A,,22574|7024|7024
126,LogicaCMG,1,,3105,551|297|94|235|21|31|598,15871
127,-,1,,-,129|267|235|39|69|269|7,1887
129,~~{M}~~,9,,~~{M}~~,763|307|297|127|8|355|267|179,1754|2277|7278|4361|5076|7540|13095|5075|21577
131,Guardians of light,35,,Guard.OL,61|398|396|246|295|163|34,9286|1162|2513|4207|4254|8|11|8821|1932|5147|5307|1584|3239|2248|2436|6596|2184|5632|3081|393|2743|10681|11976|7131|4154|5269|4800|4487|1799|3716|3412|1762|7060|290|300
132,shutting down,1,,the end,,22574|6426
133,Templars-TJA,17,,Temp!ars,700|398|51|34|606|79|185|188|120|551|181,577|496|1723|40|115|1739|3726|8843|3162|4089|4|4005|618|9904|1582|5354|576
134,Pikachu,2,,Pikachu,359,2379|1617
135,THE AGE OF DARK SUN  ,1,,D.S AGE,,22574|15766
142,apa NE,1,,apa NE,165,843
143,power A @,6,,power a@,235|6|69|232|7|19|80|24|10|310,3549|3893|3057|1923|15226|2496
144,Malazan Empire,2,,MALAZAN,,22574|4360|4542
151,Kings Nor Enemies  ,3,,KNE,491|28|195|379|177|235|207,3397|3139|9304
154,Super|Soldiers,5,,{~S|S~},379|69|235|28,2762|2762|2590|2377|3150|3088
159,Tesco Slogan Thieves,55,,TST,780|539|89|53|162|243|120|387|73|75,2616|3517|3514|1149|3515|2744|3514|2542|2744|4023|2616|3477|469|2538|4379|1759|1358|2610|4861|1813|771|3515|4926|10252|6014|10250|4872|11014|6636|1800|3517|1098|3659|2056|6737|379|14169|2760|3941|1286|4916|7932|3652|2586|4684|1416|9907|2983|1666|3631|10325|2905|2471|2775|4039|4126|2580|1389|1149|3765|6641
160,TURISAS,20,,TURISAS,783|700|545|303|173|602|114|491|235|270|7|244|94|80|69|210|107|177|22|56|33|16|108|39|191|21|261|599|332|425|73|75|255|527|218,2054|2800|3362|6374|16328|6466|3928|11386|6478|9470|11595|9659|1471|4011|1706|4564|2130|10150|1495|2892
162,The Visitors,20,,V,780|612|53|243|159|73|75|425,970|985|993|5206|1124|12513|6492|1610|855|2195|945|6192|2284|9099|14337|762|780|14578|4209|1985
163,The-DA South West,5,,DA-SW,246|67|396|387|65|210|131,1182|2100|1346|3564|3781
164,Free to Play,3,,f2p,572|107|235|21|210|179|171|81|15|187|177|135|108|218|100|8,3030|3752|2303
165,apocolips,1,,apa,142,559
171,Irish freedom fighters,10,,!rish,550|411|210|336|379|71|363|107|235|100|44|164,3772|4076|2977|11778|11461|2817|4613|12182|3381|13573
173,TB-ENiGMA,38,,TB-E,848|93|840|79|789|790|395|177|71|160|599|182|61|181|22|393|246|235,8627|11501|11472|4828|10457|10459|11770|8626|8513|14276|10458|11589|3701|3077|9925|2004|11759|13267|6924|7771|16221|6818|4196|4991|10827|8169|450|15881|10419|9418|2376|6091|7995|6203|10227|2335|9865|1657
177,Kingdom Of Angels,3,,KOA,383|398|173|535|602|599|561|497|151|34|235|237|210|85|160|164|545|252,6887|4799|2450
179,Magpies,2,,**M**,80|235|210|129|164,2483|6821
181,the doomed blokes,42,,DBA,,22574|2999|10517|7455|2999|3419|7455|2235|3155|10517|1777|2178|12117|5709|10726|9300|6373|2473|3511|10730|11708|17407|10127|3332|17408|7146|3248|2740|7646|2529|4778|14698|16730|2073|14956|16966|10508|2632|10955|2306|3245|19078|7394|4138|11294|20643
182,ENIGMA-SDD NORTHWEST,6,,E-SDD-NW,173|310,1598|1598|7705|10346|1257|4334|7231
185,₪ §øul - ξa†erş ₪,32,,§.Eaters,322|336|606|133|79,320|407|317|414|1795|4351|4437|2049|5225|13750|6453|5680|5488|422|16614|7056|624|4399|635|3796|12640|1863|316|2723|2394|2183|17082|6223|15901|6104|1015|6546
187,Vampires,7,,Vampires,700|798|586|491|550|107|235|100|298|69|164,837|837|7449|13186|2032|18408|20542|19995
188,Silver Daggers,19,,-SD-,22|527|255|425|73|61|133|606|181|550|75|79,5713|3176|535|99|6025|372|336|304|1894|3641|126|7264|512|2287|563|2437|7301|16671|18669
191,freedom,2,,3dom,80|160|80|160,6657|3174|3174|6657
195,United Defense Force,8,,UDF,548|791|535|151,4607|4358|16619|17616|19854|4230|18520|18326
198,~We Are Gods~,1,,~WAG~,,22574|1857
200,ULTIMATE POWER ™,1,,U.P. ™,,22574|4052|4052
203,The Gathering,1,,T-G,,22574|3674|3674
206,BALANCE NW,3,,B-NW,107|235|22|700|51|93,161|176|117
207,Demon Rage,10,,D.R.,545|535|135|393|363|151|235|219|288|6|69|210,2916|6808|8748|6726|8503|4998|3586|6021|5754|3826|8503|6726|6021|2916|3586|8748|5754|4998|3826|6808
210,HARDCORE,12,,PR3,,22574|11351|10501|10501|13495|11351|11067|11109|11236|6321|10583|11291|6423|2502|16417
215,Knight Of Old,4,,K.O.O.,,22574|899|10711|14237|899|16927
218,Empire+1,4,,Empire+1,535|235|164|21|135|94|160,2381|3811|4186|1571
219,Luxans,13,,LUX,93|815|699|71|535|565|576|235|207|522,2368|3059|3436|5221|7211|10560|3059|2368|5854|5647|5608|16031|3436|11525|5227|10967|5221
221,The Daisy Chain Society,5,,DCS,599|491|545|56|255|550|295|39|598,1012|2634|3480|1012|3480|2634|1848|4030
223,RE-PAX,4,,-R.P-,80|235|39,7388|3562|4637|4081
226,FALCONREBELS,1,,falcon1,,22574|5716|5716
232,Power Apple,1,,Power.A?,235|143|19|7|85|80,3890
234,World 3 Legends,1,,W3L,,22574|4495|4495
235,The Matrix,25,,Matrix,617|624|788|522|571|521|602|307|393|391|550|474|418|383|363|22|135|206|269|28|6|179|219|164|237|296|126|41|54|94|171|19|232|85|187|56|127|69|218|71|93|151|223|80|107|160|100|7|143|39|210|244|108|177|31|44|207|291|154|700|840|790|599|173|345|574|574,74|5308|11897|3857|7759|7642|7663|4797|2269|9529|8596|15880|6659|10445|15986|17186|4534|9804|5620|12606|10318|18546|12841|12375|16155
236,Torchwood Combine,2,,TCHWD,107|535|700,1994|3194|1994|3194
237,TheVipersAlliance,2,,TVA,602|135|33|235|177|586|550|379|345|322|598,2393|7669
243,Tesco Slogan Thieves 2,54,,TST²,780|539|89|53|162|159,7793|6054|3651|4380|3602|3848|3873|7793|3848|7794|10344|2998|10080|10072|2809|3661|13567|3651|10271|4380|660|6054|3602|11148|10334|10251|3539|4303|10489|3873|584|11167|15993|4043|5774|5714|6107|2835|5385|6320|4604|3339|6197|1200|7055|3452|6168|7678|1071|530|4748|13959|1135|10850|17643|4194|6468|13751|7881|5538|3054
244,Ares - Guardian Eagle,4,,Ares,379|44|8|235|65|160|100,848|4821|3257|470
246,Insert Name Here,20,,XXXX,398|535|163|79|114|67|396|295|840|8|131|536|173|135|108,709|711|3357|7940|1401|711|709|7456|6493|11651|4699|4747|6079|7072|3357|3938|11806|8238|3540|17811|3887|10284|3981
248,Blade Of Honour,1,,BoH,,22574|3683|3683
250,Blood Brothers,2,,B.B.,,22574|589|2290|2290|589
252,Exodus,2,,EXO,177,10268|10231
254,freelance warriors,1,,?free?,576|60|576|60,3676|3676
255,Nemesis Academy,49,,NMS - A,120|767|336|396|387|295|34|527|425|73|75|188|221|74|160|79,11318|8220|3111|10281|10146|11477|14642|3630|8456|7929|242|10519|14801|7074|3288|4167|14440|571|17238|18069|2767|1026|9092|5621|9326|609|8604|15396|10285|15379|343|10534|3416|16108|6413|14974|19091|8772|14159|18504|20531|18593|21476|18597|15969|21694|21374|21628|21780
257,travian street elite,4,,T.S.E,,22574|6124|2706|1957|5845
261,impreza1991,9,,[[I]an]],654|297|94|491|61|160|598,5542|5545|2603|7500|13536|5324|17118|17025|2799
267,~~{M1}~~,5,,~~{M1}~~,395|550|535|127|8|355|129,10092|15075|15710|1902|21787
269,war of really old,2,,world,94|235|127|310,278|397
270,More Love And War,3,,MLAW,135|7|160|69|39|60,3901|2856|8544
271,The Guardians of Light,2,,Guard.TA,,22574|13218|12042
277,Masters Of Arts,3,,M.O.A,,22574|5717|3100|13179
278,UnBeatenStar,10,,UBS ~TF~,617|379|71|598,15403|6005|5899|13271|6267|6005|3656|15403|17256|11691|17972|15957
280,Czecho-Slovakia Knights,1,,CZK,,22574|507|507
282,The Prune Armies,7,,Prunes,,22574|6999|9042|8450|6057|13125|9111|6896|6057|9111|6999|9042|8450|6896|13125
288,Gods Of War,2,,=GOW=,535|207,3410|8707
289,The New Dawn,2,,T.N.D.,,22574|2563|2563|14308
291,UnKnown,1,,UK,,22574|10840
295,St.Albans City,3,,STA!,398|74|73|527|255|75|246|387|67|114|79|396|34|131|61|221|98|116|598,2818|6324|2115
296,Death Charge Elite,4,,D~C~E,535|235|7|85,6086|8434|8064|10772
297,Play.For.Fun,17,,P.F.F,261|54|551|398|126|129|550|535|332|379|181|391,9409|10012|3723|7512|12597|16518|5389|14048|14265|9083|10254|7460|4343|3964|4467|21558|4972
298,Knights Of The Rising Sun,1,,KOTRS,303|187|114|22,7172
303,Commonwealth,12,,CW,,22574|7670|14567|7981|10302|7670|7981|10302|11681|6391|14567|15836|11179|17136|17139|15858|21547
304,TJB,7,,ZOSO,535|535,5434|12372|6662|18583|14089|5434|6662|12372|18583|14089|20904|21166
307,101 B,7,,101 B,545|129|235|370|54|598,8025|11706|13013|11685|7439|8908|16105
309,No Retreat No Surrender,9,,NRNS,491,7569|7568|7569|9713|7568|7615|9716|7659|4787|18595|7907
310,boom + power a suck!,5,,BPS,370|574|598|535|391|182|578|418|474|721|98|116|89|269|67|232|143|131|19|7|85,2467|1599|10499|2467|16864|1599|16688
314,tigers militia,5,,tigers M,65,873|568|375|413|3672
318,The Imperial Alliance,1,,Imperial,,22574|7796|7796
322,Elite Evil Soldiers,38,,EES,51|398|185|135|545|210|377|33|497|363|379|552|120|551|237,10764|8752|8473|10071|10844|12159|9209|1137|10745|8809|8850|9644|14352|13801|9627|12166|14651|12248|9208|18047|10678|10514|11517|1689|12348|10819|8733|8255|17586|11579|11418|18171|17689|11683|18872|19405|17773|8823
323,gangstas,1,,gsta,,22574|8788|8788
329,Knights of the night,1,,KOTN,,22574|8498|8498
332,Phoenix! dragon,8,,Phoenix!,681|596|517|303|535|518|297|160|681|596|517|303|535|518|297|160,13686|13483|14944|20086|394|10222|18174|10101
336,CYMRU AM BYTH,35,,CAB~GGA,79|724|551|51|398|425|497|75|73|255|527|171|210|34|185|271|790|93|599|24|598,11693|10307|5575|6032|3670|9434|11357|9578|10307|9434|11848|5575|11693|6032|2226|11401|11406|2103|11402|11357|11400|8970|8486|13857|12580|10094|10946|5853|3670|1231|5871|14273|12504|8079|17762|17074|7750|2880|12449|17065|9578|3654|13029
337,Fight For Freedom,5,,FFF,,22574|11482|10763|5327|11482|10763|9862|14090
340,us2,1,,ES,,22574|3369|3369
342,Primal Fury,4,,P.F.,,22574|871|871|6935|874|6933
343,Training For The Win,2,,T FTW,,22574|7598|8656
345,Viper TSN,23,,V-TSN,789|54|100|235|237,6204|9640|1845|14767|797|16689|17977|12691|4481|11861|1360|5593|3987|8072|10424|8326|14156|13276|13309|11389|17583|8417|21644
348,Seventh.Sanctum,4,,~S.S~,535|463|7,12364|12364|17356|12160|9948
355,m4,9,,m4,551|107|535|267|129,376|8624|8826|8812|17173|19715|17142|19977|19315
356,roman empire,4,,heros,,22574|5788|5788|6310|7790|7467
359,S.D.D Training Academy,1,,S.D.D TA,,22574|2953
360,Alpha Omega Alliance,5,,AOA,504|535,8590|8844|16823|8590|8844|16823|9352|7829
361,Army of Excellence,1,,AoE,395|379,11962
363,North East Coalition,55,,FFH-D.S,79|33|39|322|54|80|44|235|171|207|545|551|539|89,8705|11245|8387|10382|10792|5154|8511|14660|8771|11840|9389|8385|9672|9373|7831|12807|4544|10869|1053|13502|4493|6253|11459|9371|7901|11965|10732|4654|9479|9503|11838|8179|17102|11456|4662|10213|15837|12226|8906|10096|6388|11671|11900|9159|7196|4460|10462|13501|18760|18899|6261|16030|10836|17510|7802
370,Caketown,5,,300PG,310|550|307|392,8280|8282|8259|9226|20109
377,Angels ,37,,Angels2,33|322|271|74|22,14344|891|13442|7126|4041|14350|5657|12180|9915|682|12181|5822|4329|321|3945|16154|14345|10649|7593|12499|16819|12497|3749|11114|6040|7869|145|1816|11564|16548|16729|9075|19487|12410|11644|20580|20870
378,The Templar Knights,3,,temkit,550|576|535|497|474,9012|11057|12523
379,Warriors Of St.Edmund,27,,WSE ~TF~,596|624|278|550|535|154|171|151|244|322|297|39|790|559|708|237|361,4410|11247|10930|10930|11247|17562|16124|4410|17655|13988|10777|16448|12871|4365|8817|16696|10306|17822|16463|19116|18952|14222|10313|18618|16143|12024|20544|18588|22103|22262
383,D.S. Dark Sun Warpigs,3,,DS-WoD,602|177|545|535|135|235|598,14032|11050|9041
384,Systematic Chaos,3,,*S*C*,,22574|7440|8983|7120
385,The Gladiators,1,,TG,,22574|9897
386,strike team 3000,3,,=[ST3]=,,22574|11159|11159|11265|12537
387,Nemesis - WeirdPea,56,,NMS - WP,767|74|398|120|425|73|527|255|75|34|79|163|114|67|396|295|159|93|181|107|80|51,8612|8837|8611|9229|9673|11285|10653|8390|8989|12261|8986|8666|4013|10589|9201|8499|10470|977|133|10408|11931|4278|8731|16882|9905|6384|17458|10123|8075|17|12556|16665|9379|16976|13564|12846|8087|11481|8743|14555|18470|15153|13823|8210|9072|5592|11592|10849|16635|11935|17083|12012|15362|16099|13996|19806
391,Spartan Elites,9,,300,596|572|235|497|318|310|297,5078|11347|2582|2541|5078|2541|2582|2239|11347|9555|3326|20586|14281
392,NEW ORDER,18,,NO,497|535|370,8440|10510|9048|5103|13586|15214|12196|8794|16997|17449|13593|15207|17743|17630|18769|10224|19554|18689
393,Army Of Thieves,22,,AOT,93|645|790|545|699|565|535|235|427|497|484|490|207|504|840|395|599|173,12333|11628|5961|12897|2276|13117|14124|9771|13793|11124|14172|15426|18915|17381|11480|9826|15851|16265|14473|13432|17628|20697
395,The Guardians,25,,Knights,681|790|173|267|599|491|361|79|517|398|393,15284|16449|14572|11399|4681|11399|11947|16449|16378|17282|14572|15284|14095|9753|12455|15328|19079|14518|4681|16887|12796|14615|19812|18238|20637|20316|11934|20210|20056|22117
396,St.Albans City 2,7,,STA!2,120|398|163|75|255|527|73|246|387|67|114|79|34|295|131|61,1255|710|1255|1846|1033|6077|1041|6826
397,The United Alliance 2,2,,The U.A2,535|44,8706|9472
398,Getgaming Alliance,39,,GGA-SX,120|700|246|93|22|322|790|789|425|617|551|295|396|177|210|336|100|75|73|387|527|133|51|34|550|545|297|71|395|8|80|602|606|131|599|474|598,12601|11637|11633|11634|1144|13799|14587|11915|6442|12384|14862|12469|13818|14294|12961|13696|7924|14952|15852|15472|11835|15238|13838|17022|12026|15531|15597|15199|17523|11727|15593|17168|12785|17438|16357|16904|18121|22182|21761
407,The Unholy King,4,,TUK,,22574|4805|4805|7149|15708|11673
410,Neoville Village Guard,1,,230294,,22574|11079|11079
411,New Roman Order,1,,N.R.O.,,22574|15335
416,SD6,1,,SD6,,22574|6943|6943
418,The Undead Army,4,,TUA,54|535|210|44|235|310,8411|7026|13152|18815
425,DicTaTor,33,,NMS -DDT,120|398|34|336|387|527|75|255|73|188|74|160|162,1797|1095|16422|2069|3020|1790|2618|3086|4169|4999|1593|249|3114|5384|4526|415|10950|3250|3123|2726|17990|9148|9755|15070|6185|2822|2562|2912|10917|17919|2670|11735|13886
426,United Travian,6,,*UT*,535|60|474|135,13488|13263|13445|12906|15609|15856
427,Knights of Pasaz,2,,Pasaz,393|504,7918|10352
435,PRIDE,5,,PRIDE,303,11639|16134|14209|14100|15247
436,The Germans,1,,Ger,,22574|15941
440,Nation of Dragonriders,9,,FireRide,,22574|12544|14739|13754|14214|19426|18135|18135|12544|19404|13754|14214|18324|20675|19426|14739
441,Religious Riots,1,,R.R.,535,14355
443,LADS,6,,XXX,617|535|522,12237|12620|13497|10107|16724|7835
445,The Chess Pieces,3,,Chess,586|33,10366|12652|14013|10366
446,NSU Card Talk Alliance,2,,NSUCT,,22574|12240|12240|16131
447,infinity village,1,,sd,,22574|12560|12560
448,United States of America,14,,USA,598,12653|11289|11320|11288|4384|11652|11290|11296|11299|15421|11432|16993|17182|22337
449,Mahri Confederate Union,1,,M.C.U,,22574|12860|12860
456,Dwarfers,9,,RDL,660|535|578|522,11927|13032|12570|11009|12501|12980|10348|11066|13623
461,BeFreeWithMe,1,,b3wm,,22574|11101|11101
463,Power of Travian,4,,POT,,22574|12040|12040|12545|13855|14457
467,Sparta*SW,2,,SpartaSW,491|61|65,1507|8266
473,Equal Rites,1,,E.R,65|551|107,14729
474,Travian Warriors-SW,1,,TRAVIAN,578|235|378|310|426|398,2910
477,jcp deathgods,1,,*jcp*,,22574|13310|13310
479,Omega Strike ForceXII,7,,OMEGA,645|509|449|790|599,10855|15331|17274|15579|4600|15816|15665
482,The Romans,5,,Rome,,22574|13285|14979|14221|13005|15350
484,Evil,15,,Evil,763|724|571|561|535|393|763|724|571|561|535|393,15462|15454|15481|14946|15481|15457|15520|15462|15795|15525|15454|10778|17950|19289|17327|15459|19770|5570
486,argies,1,,argies,,22574|12520|12520
490,The Shire Boys,11,,TSB,699|696|393,15235|15063|17157|15182|18263|17299|18771|18391|18370|18381|18422
491,All for 1,2,,Stronger,612|28|221|187|94|261|467|395|151|160|309|535,8549|1344
492,THC Team North,4,,T.H.C TN,,22574|11170|17767|11170|17767|18725|22267
493,The Children Of Terror,1,,S-W,,22574|13133|13133
494,BLOOD,1,,BLOOD,,22574|14364
497,Immortal Spirits,30,,IS,93|798|624|789|790|783|545|730|551|596|392|586|602|599|336|521|393|535|378|177|71|322|391|318,12600|12956|12443|13166|12780|16259|15892|15159|14542|17163|15696|13644|17506|14138|13971|18292|17393|10089|14583|7038|17023|17947|17425|19971|18484|16519|17678|18075|21735|22281
501,Domme,8,,O.W.K.,,22574|16427|13676|14497|10566|13401|12790|16427|16745|17167
502,www.eskad.org.tr,3,,ESKAD,,22574|11636|11636|14506|7917
504,Roman Elite,6,,Elite,,22574|10886|13086|13503|5798|14677|2682
505,101GBNation,10,,GB 101,545|798|724|522|535,13038|15277|16455|13004|8305|16707|15840|18844|18694|19479
508,blueboys,14,,ctid,,22574|14341|5806|14340|14341|15581|15582|17165|9658|12718|16399|13803|19808|16494|11408|16125
509,mario,4,,coolzone,,22574|14687|12139|12139|17986|14687|18358
512,Imperial High Command,1,,IHC,,22574|15894
517,Hope For Travian,10,,HFT,804|332,17512|15174|17716|15926|14544|17895|19449|19124|19115|20340
518,battle for will,1,,BFW,,22574|5667
521,Barney Boys S3,10,,--BCS--,779|555|602|235|550|561|604|522|497|598,13675|10847|15611|12243|14670|14485|19919|16655|15613|17363
522,SW Trade Federation,7,,SW Merch,700|783|505|235|535|521|756|219|456|107,10670|16267|5720|10670|5720|16267|12205|5942|19528|21581
523,NEW AGE,2,,N...A,,22574|14280|13890|14280
524,aj(I)go(R),3,,LiG,,22574|9931|14917|9931|18211
527,Nemesis - Heavenly Host,37,,NMS - HH,398|336|396|387|295|34|255|425|75|73|188|74|160|65,8828|5819|8827|1492|5559|5569|16711|9889|12467|8329|14560|12293|16406|12703|13399|3276|15512|13351|14259|14566|3466|13752|17081|16394|17230|16616|3336|16381|9954|11890|16645|3227|2950|10564|16418|17090|19566
528,First Great Western,1,,FGW,,22574|4992|4992
529,don79,2,,don79,,22574|12602|16855|16855|12602
530,The Kill Jon Alliance!,1,,Kill Jon,,22574|16148|16148
534,Cas,1,,CRM,,22574|13563|13563
535,Sgt. Peppers Army,40,,Pepper,850|617|756|625|791|789|763|624|383|67|219|177|551|71|207|246|602|304|303|522|393|565|573|288|218|210|80|360|379|426|505|397|318|443|248|236|296|504|378|355|561|195|418|332|482|310|297|550|484|348|441|463|392|267|497|411|491|456|271|501|440,15822|21455|15507|15120|14856|16274|16316|16815|16274|15556|16815|15120|17868|17154|2410|16033|17936|14928|15507|15822|1787|17650|18036|17494|14856|17736|16316|1801|14765|17578|18587|17228|16991|14479|14468|18614|16982|17722|18767|21222|20698|20716|16694|18496|19167|12093|21455|17935
536,EXO,20,,Exodus,,22574|10729|10990|14380|10314|10303|11581|14380|10729|10333|12234|10990|12033|12922|10345|16996|10300|16862|17308|16173|16574|14608|18232|17012
539,FFH BEA North,55,,FFH-B {N,780|53|159|243|89|700|33|120|135|74|363,6392|1252|7962|1271|10765|1556|2984|10765|4056|1556|11381|11498|2692|15559|1837|1252|5967|6717|2125|9236|1527|7023|5422|6392|5218|3313|7962|8561|1969|4886|4829|3337|7323|6272|5182|11210|5031|18458|3550|1509|1304|14322|8212|1824|14348|4054|4235|4539|2305|7237|4107|2188|11609|1514|10187|9163|1592|2018|1271|7001|19430
541,trees,3,,HellVll,,22574|14004|14004|14197|16931
543,Hidden Weapons,2,,G~*HW*,,22574|12100|17153|12100|17153
545,The Screaming Eagles,38,,101 A,505|848|226|803|789|307|497|624|207|393|79|383|8|107|160|551|398|51|221|322|80|22|606|700|135|363|602|177,9459|15304|14619|14863|10441|9008|14942|11638|1194|16634|13306|15228|608|5175|362|1667|14377|15032|13062|17162|15286|9436|16356|3579|14534|9846|11704|16425|14498|4114|14157|15848|15180|7089|16470|13234|4426|18037
548,~Empire~,5,,~Empire~,195|576|797,14123|16441|17587|17587|14123|15158|16441|20406
549,TOMB RAIDERS,2,,~~TOMB~~,,22574|11500|15634
550,Main Wing,6,,*Romans*,,22574|14223|4446|12197|14223|18066|17782|17275
551,Getgaming Alliance - rd,10,,GGA-rd,336|34|398|497|545|535|135|550|126|297|473|355|51|106|133|586|79|322|440|363,6606|12137|9754|16288|8570|11654|8045|10455|14755|19618
552,Badge,3,,Badge,,22574|14327|14327|14331|18345
553,ultimate death,1,,Ult,,22574|7536|7536
554,BARNicles,3,,Nato,,22574|16001|15135|15185|15185|16001|15135
555,waste of space,4,,WOS,,22574|13741|16066|19106|16192
559,rock,2,,rock,,22574|7777|7859|7859|7777
560,North_East_Alliance,2,,NEA,,22574|15167|15167|18004
561,TheTower,24,,TheTower,789|602|521|177|535|484|586|789|602|521|177|535|484|586,13998|15152|13429|17948|17969|18426|16451|18301|17765|15998|19425|19883|12618|11155|11097|15977|14103|19001|19299|14274|20720|20330|20757|22133
564,ORION FEDERATION,2,,O.S.F,,22574|15344|15344|19278
565,The Business,24,,The Biz,777|699|219|555|393|535|754|181|660,15821|15694|17527|18727|14148|15229|17967|13775|15397|16896|3377|15947|10451|18035|7025|18471|4432|14818|17608|14990|15739|17209|13389|13215
566,-Pugsy Owns-,1,,-PO-,,22574|14495
571,Beyond Good and Evil,3,,BGAE,235|484,16942|15930|16941
572,Life And Music Brootal!,5,,LAMB!,391|164,7214|1265|17777|18342|6553
573,Gods Amongst Men,6,,GAM,,22574|15510|16985|16985|17376|15510|19268|18352|19951
574,dogs of war,4,,DoW*se 3,310,17443|17085|17534|17606
576,***tryoner***,1,,=s.k.s=,44|219|378|254|548,252
578,New Alliance,2,,NEW,474|456|310|660,17481|17522
579,axi of evil pension schem,1,,131313,,22574|13440|13440
585,Linen,1,,B.E.D.,,22574|230|230
586,The Darkness Rising,8,,CHAOS,497|550|33|187|445|561|237|551|79,17778|17155|16064|6961|17337|18123|18744|19481
587,!!!,1,,!!!,,22574|1940|1940
591,Peace in our Time,2,,PIT,,22574|15566|16345|16345|15566
592,England Mighty,2,,The GR8,,22574|16540|16611|16540
594,Knights of death,2,,Kights,,22574|13320|13320|8228
596,Eagle Kingdom,20,,Eagle,,22574|15453|16988|17770|14422|15136|16043|15352|16620|16820|18390|16813|16318|18701|17651|18233|16025|19529|15352|15453|16620|14422|15136|16988|17770|16820|17651|18390|19529|18666|16318|16813|16025|17994|18701|18233|18897|16043
598,TWO BIG BOLLOCKS,2,,2 BIG B,763|337|307|185|393|392|521|39|278|261|508|586|206|303|41|108|182|445|270|282|4|474|31|171|28|551|219|473|54|383|448|71|126|345|467|297|497|491|207|143|244|322|133|65|173|80|160|107|387|396|271|237|545|536|162|61|398|94|100|377|44|22|210|188|51|221|177|235|363|8|131|181|336|246|114|120|79|34|33|163|295|74|67|83|98|116|159|89|527|255|425|73|75|310,2876|22104|2876|22104
599,=KOAMS= SF,8,,=KOAMS=S,210|789|790|221|177|395|173|71|497|107|93|336|235|393|479|501|398|160,697|679|700|697|11724|700|679|12179|17225|772|16253
601,Peace bringers,1,,HEL,,22574|12079|12079
602,Kingdom of Angels- SW,2,,KOA-SW,34|383|521|535|237|235|210|561|497|160|177|398|545,16546|6673
603,Hounds of war*,9,,**HoW**,783|742|645|779|681,17799|18092|19548|17791|16637|19763|19716|20448|18921|18921|18092|19548|17799|16637|19716|19763|17791|20448
604,night wing,3,,--n--w--,,22574|13639|19549|18901|13639|18901|19549
606,Knights Templar,37,,KTemplar,51|133|79|545|185|120|398|188|100|34,8976|3751|2244|5233|12405|1579|2204|15184|14266|15263|7111|15955|7443|15449|14744|15338|2173|9656|13667|7501|5447|15640|14553|11554|14486|17257|10020|1765|16200|18702|18586|19846|18320|16587|20283|20116|22326
607,DIDA PIG,2,,XO,,22574|17372|13809|13809|17372
611,glenns alliance ,2,,0110,,22574|12842|11130
612,Academy,27,,A,162|491,6473|5268|3080|5734|3898|15966|3267|1750|3639|7875|3005|1880|13081|2143|12337|5934|14230|5598|13453|11390|3738|5839|18719|11528|14099|18879|20208
616,THE UNITED IRISH,2,,U I,,22574|10832|18550|10832|18550
617,Larf My Anus Off,35,,LMAO,535|235|278|816|699|93|443|80|51|681|398|596|107,13776|11578|14299|721|15979|15267|15209|3607|17318|14320|12461|16766|18589|17949|17515|8607|16390|18626|16799|17467|15523|15567|16829|17631|8759|18486|16948|17457|17776|3629|16167|12559|18158|20334|12612
619,fahQ,1,,fahQ,,22574|17536|17536
620,~Angels Of Death~,4,,~AOD~,107|700,2454|2459|9262|2454|10163|2459|9262
624,North West Border,23,,Nwb,700|497|379|235|762|545|535|440,14296|16429|15783|15116|17120|14528|16701|17865|17175|17326|13353|17885|18949|19202|18257|18957|19513|19300|16474|15079|18945|21513|16909
625,Hazza! ffs,10,,Hazza!,,22574|12571|17239|15227|18014|12571|18014|15227|17239|11738|13602|17252|20676|18672|19794
626,The Anvil Of Green,2,,A.O.G,,22574|16490|16489|16489|16490
628,Dark Alliance,2,,DA,,22574|17199|13058|13058|17199
629,The Cult of Rome SW1,15,,CoR-SW1,596|181|617,10747|15444|16608|17621|16918|9620|15987|18961|16782|19039|19657|19110|20694|22357|21770
630,Death Vally,2,,L.R,,22574|17953|17807
631,geeks united FTW,7,,JOIN US,,22574|13089|19295|18729|18435|13089|18729|19295|19626|18435|22217|22106
633,Bigerns Alliance,2,,BiG,,22574|13731|13731|18541
634,=D UK version,3,,=D,697,19077|19149|18360
635,The iron axes reserve,1,,Iron Axe,,22574|17850|17850
636,world domination bunnys,1,,WDB,550,15068
640,The Shadow Council,1,,Shadow,,22574|14133|14133
641,ownage,1,,war men,,22574|15485
642,Goodall alliance,1,,[-GDL-],,22574|8757|8757
645,[-WUK-],9,,[-WUK-],393|603|700|652|479,17614|18332|18797|19839|18797|18332|17614|18953|19839|15013|19407|18685|20033
646,Mighty,Mighty fighters!,1,,Persians,,22574|17905|17905
647,Frasers Kings,2,,Ward,,22574|16663|16663|15051
650,messing around,1,,MA,,22574|3605|3605
651,D.O.W,4,,D.O.W,,22574|16983|6828|16219|16983|16219|6828|21861
652,CheekyKatAlliance,2,,Cheeky,,22574|16377|14014|16377
654,alliedterotory,1,,allie,,22574|15645|15645
655,my alliace,1,,bob,,22574|17107|17107
656,Bichon Alliance,3,,^^^,,22574|17114|17114|17160|17122
660,South East Alliance,3,,SE ALL,565|456|578,19083|19431|19712
661,Senatus Romanus,2,,SPQR,,22574|9625|18788
666,The Invaders,4,,TI,,22574|18142|10056|7922|16890|18142|10056|16890|7922
672,Safe Haven,1,,Haven,,22574|9653|9653
673,The Forsaken,4,,Heroes,,22574|18985|18994|18985|19117|18995
675,BLACK KNIGHT*S,1,,=BK=HQ,,22574|20050|20050
677,The Spartans of Sparta,1,,Spartans,,22574|13518|13518
680,The Spartan Elites,6,,TSE,,22574|12338|5235|16164|9958|17412|12338|19976
681,T.H.C,27,,T.H.C,492|836|832|395|603|332|617,18908|18905|19506|16805|16695|16695|16805|19506|18905|18908|20361|18043|20190|19672|22064|20638|18822|20843|20943|21003|20925|20785|20359|17779|19729|21314|20715|20517|21204|20900|21682|20703
682,Star of Travian,1,,S.T.A.R,,22574|17091|17091
683,Aspect,8,,Aspect,,22574|18419|18419|19215|19275|19226|20896|22178|22191|22189
685,the killers of war,1,,wolf,,22574|8538|8538
686,Covern of Blood,8,,CoB,,22574|18870|18723|18721|18870|19251|19256|19386|19388|19389
692,Forest Of Doom,4,,[FOD],,22574|18642|18642|18380|18806|19624
695,Dogs of Warr,3,,DOA,552,19498|18849|19358
696,Los Guerreros del Norte,7,,LGDN,51|700|798|699|490,18402|18466|18688|18389|18393|18230|19439
697,JJD,2,,JJD,616|634,3706|3071
698,i dont know..,1,,idk,,22574|11458|11458
699,The N0RK§,19,,N0RK§,93|798|596|617|565|219|393|490|696,18611|15104|16233|18759|19016|19017|19873|15080|19198|18937|19522|18773|19229|19826|19258|16392|20443|19213|19536
700,The Frayed Knot,14,,TFK,624|522|398|133|22|187|848|696|160|645|206|235|106|620|236|545|539|743,3685|19750|19888|22407|3685|20662|19888|21524|19750|19761|20418|19840|20206|20537|20568|20198|22492|22407
703,The Blue Blood,3,,TBB,,22574|19782|19811|19752|19782|19811
708,With Action Show Power,4,,WASP,379,687|8061|687|8061|3506|3478
709,Generation13,1,,Gen13,,22574|17018|17018
711,ONE MAN WENT TO MOW,1,,OMWTM,,22574|15620|15620
712,freedom fighters,1,,iq,,22574|13226|13226
715,Fukuguys,1,,FUG,,22574|16195|16195
720,alliance for coolNESS,1,,cool,,22574|19204|19204
721,ykz Center core,58,,ykz*CC,98|116|79,3891|896|442|7870|1125|1384|2837|911|3360|4554|2|7878|1323|694|3640|1758|829|5980|894|2089|149|1566|2631|177|4073|2924|459|1197|2169|884|8466|19|135|6305|1193|206|1007|5229|812|5692|582|2001|105|2823|3296|4022|782|110|8539|2432|8331|461|324|595|256|923|960|9734
722,Bad Wolf,2,,Bad Wolf,,22574|19669|19922|19669
723,The Big kahuna,3,,TBK,,22574|19321|19290|19321|18665
724,Desert Eagle,7,,D~E,505|652|484|336,19874|13349|18891|19874|19263|19954|19066|19831
725,peace on all,3,,S.P.D.1,,22574|20005|20006|20005|20007
729,Toms Army,1,,T.A,,22574|19746|19746
730,best ever alliance,6,,BEA,,22574|19570|19877|19813|19570|18610|21679|20645
733,jonasia,2,,jonasia,743|509,19940|19942
735,DriftAlliance,1,,Drift,,22574|19084|19084
736,Celts,1,,Celts,,22574|9448|9448
738,Gods People,1,,LIFE,,22574|19655|19655
739,RPG Warriors,3,,RPG-W,,22574|18630|18630|18803|18671
740,joshh,1,,zap,,22574|19459|19459
741,Lords of the teen spirit,1,,LOL,,22574|16863|16863
742,Specialized and Smegshift,3,,SS,603|779,17439|13386|16389|16389|17439|13386
743,ShoeBase,4,,Shoelace,733|756|749|700,20396|20254|20256|19542
744,*STARS*,11,,*STARS*,,22574|10110|19891|10110|19476|18808|19749|19767|11728|18790|19701|19833|19857
748,Türk intikam Tugayi,8,,T-i-T,,22574|19349|19680|19349|19348|19673|20307|19415|19680|22089|22566
749,Al,1,,AKL47,,22574|19534|19534
750,bobo44,1,,best,,22574|18827|18827
751,Praetorian Guard,1,,PG,,22574|16093|16093
752,warriors,3,,l.r.2,,22574|18279|18690|18279|18690|15001
753,we hate travian,1,,hate,,22574|20273|20273
754,A random alliance,2,,Random,762|60|440|565,18191|3958|18191|3958
756,brenda,12,,FRASS,857|535|743|762|522|857|535|743|762|522,20223|20222|20556|20369|20339|20222|20510|20023|20257|20668|20556|20339|20619|20369|20592|20223|21284
758,blaze,3,,blaze,,22574|20121|19599|20121|20442
759,Travian System Lords,2,,{Sg.1},,22574|22194|18657|18657|22194
762,Achilles,8,,Achilles,754|624|756,18631|19845|20211|20108|20212|20215|18966|19698
763,Alliance of the world HQ,17,,aotwHQ,129|484|535|440|289|779|598,3551|3565|17826|3032|6760|17617|19412|20042|20963|20742|20841|21128|22233|22172|22048|20807|22454
764,eagle,1,,ello,,22574|19249|19249
765,Loti,3,,Loti,,22574|18197|18197|18229|19956
767,Elite Academy,12,,NMS - EA,387|255|75|73,2845|4887|2855|12952|3406|4667|4630|57|353|3307|3409|16672
768,Bored at work,1,,B-A-W,,22574|11045|11045
769,hi,1,,hi,,22574|19206|19206
770,AJAJAJ,1,,TJ,,22574|12282|12282
771,ryan and callum,2,,col dude,,22574|20387|20193|20387
774,BR2,1,,BR2,,22574|2201|2201
777,Rangers,1,,RAN,,22574|17232|17232
778,Travian Pirates uk3,2,,TRAP,,22574|19595|18914
779,Warriors of Might,10,,Wrath,603|521|783|742|763|656,17888|17714|18031|18567|18436|18091|20605|20673|19970|20678
780,Tesco Slogan ThievesSAS,17,,TST- SAS,243|53|162|89|539|159|243|53|162|89|539|159,2209|174|190|2425|4652|2365|2138|1473|6576|2774|9801|11938|16509|1426|2639|3013|347
783,Power House Pigs,15,,PHP,848|603|779|522|80|497|160,11413|9428|11393|12776|15712|12762|17092|13391|19312|19981|20776|18812|18453|20118|20581
784,wat the fudge,3,,wtf,,22574|18515|18563|18563|18537|18515
787,talias friends,4,,1125,,22574|20163|20388|20164|20163|20376
788,larf my arse of acadamy,2,,lmaoa,235,17732|18825
789,angel corn growers,30,,=KOAMS=C,345|34|210|173|497|599|545|398|535|561|790|120,2630|1612|3833|2167|6836|6614|1915|1778|1327|12158|3269|10798|3034|4326|2628|11547|1825|15596|10912|15615|5224|10640|4507|18696|3018|4401|7513|2334|16759|3179
790,angel corn growers *,47,,=KOAMS=Q,210|393|395|173|398|71|497|93|271|599|789|479|235|336|379,4080|11076|759|11696|11169|11006|12351|14002|9062|11615|2962|7220|13476|9397|18210|8237|5011|9141|1879|13395|9859|4885|4672|8174|16720|14201|11566|14975|5080|18269|15437|11997|10556|11849|4890|17729|17705|10913|13636|13024|12325|13923|20630|18010|18034|11479|18246
791,The One Ring,15,,(T*O*R),535|195|596,16368|18976|18253|18950|18000|18412|19816|19609|18978|18247|18300|18353|18890|20560|20552
792,Rikets Røst,1,,R.R,,22574|4629|4629
793,Alpha Prime,2,,AP$*,,22574|6656|11865|6656|11865
794,D.S.SW,3,,D.S.SW,,22574|16387|19092|17687
795,The happy corner,3,,THC,816|816,19331|18993|20998
797,C-3 ELITE,4,,C-3,548,18219|19096|18219|18196|20917
798,Peace Merchants Alliance,4,,Merchant,187|497|699|505|696,19628|19791|19625|19620
800,Sexy People Only LOL,1,,Wicked,,22574|20356|20356
803,Love Peace,6,,LP@7,,22574|3609|3609|3668|4894|3558|13900|12396
804,Assasins creed,4,,Darkest,517,20906|20374|20681|21058|20681|20374|20906
806,lukesville,1,,lab,,22574|8629|8629
807,The Rogue Troopers,8,,T R T,703,18807|18895|18807|18895|15695|10604|20515|21693|19941|22127
808,The. Chosen. Worrios.,3,,T.C.W,,22574|1733|10881|10881|1733|3181
809,NRG Powerplant,2,,NRG,,22574|12010|55|12010
811,saints row,1,,yoyo,,22574|19329|19329
812,THE KILLER,1,,S.O.S1,,22574|20012|20012
814,North Western Alliance,2,,NWA,,22574|20071|20408|20071|20408
815,White knights,2,,W.K.,219,18006|21595|18006|21595
816,Zombie,13,,[Z]ombie,617|596|795,19575|19223|19093|20425|18282|18943|19648|19009|19008|17668|19803|19437|21831
818,The legion,1,,Stealth,,22574|2263|2263
819,Rostam,2,,RSTM,,22574|19012|19012|19033
821,United Front,11,,UF,,22574|13458|18148|4293|13458|19139|18148|14635|4016|20797|21674|21520|21972|22534
822,Hawks,2,,HWKS,,22574|19148|21728|19148|21728
823,shadows,1,,shadows,,22574|21757|21757
825,Rule 1 Utd,1,,F365,,22574|19245|19245
828,=OPERATION TRAVIAN STORM=,1,,=STORM=,,22574|19480|19480
830,The Mighty Boosh,1,,TMB,,22574|21116|21116
831,UNDERPANTS,4,,PANTS,,22574|20151|20159|20154|20151|20154|21458|20159
832,T.H.C expansion,3,,T.H.CII,,22574|19986|21791|19986|20891|21791
834,Dark riders,3,,Fear,,22574|21297|21297|21392|21915
835,Barmy Army,2,,S.O.S,,22574|17886|17740|17886
836,T.H.C expansion 3,3,,T.H.CIII,681|832,20569|20652|18277|20569
837,NAPAA,1,,NAPAA,,22574|13821|13821
838,-{-The-White-Knights-}-,1,,TWK,,22574|21969|21969
839,sharingan hardcores,5,,uchihas,,22574|20764|20746|21034|20767|20789|20746|20767|20789|20764|21034
840,TB-ENiGMAta,11,,TB-Eta,173|181|22|393|246|235,2070|4673|10804|6819|17735|17954|19227|18591|16344|19036|19144
841,Paul 787,1,,Paul,,22574|20903|20903
845,Ubiquitous- HeadQuarters,1,,UBQTS-HQ,860,21498
848,SKELETOR,9,,S.K.E,783|700|173|545,3544|6814|3509|3286|4033|12482|17605|4057|20046
849,Take Over Travian,2,,TOT,,22574|22138|21387|21387|22138
850,Sgt. Peppers Army TA,8,,PepperTA,535,20545|22289|22119|21897|21849|22362|20545|21897|21230|21984|21849|22289|22362|22119
852,jamie,1,,j,,22574|20845|20845
853,fergo,1,,fergo,,22574|16127|16127
855,Jack Daniels Pact,2,,The Pub,,22574|20600|20600|20128
856,Ripping,2,,Smalz,,22574|21373|21373|21933
857,TEAM JIM,1,,JIM,,22574|18692|18692
858,Fleshda,2,,Clone 44,,22574|21760|20760|21760
859,Mag,2,,Mag,,22574|19521|19521|20019
860,UBQTS I,1,,UBQTS I,845,19849
861,Gallic Pride,1,,Gallic,,22574|21150|21150
